[{"state_id":1679,"id":135240,"name":"Abbateggio"},{"state_id":1679,"id":135250,"name":"Acciano"},{"state_id":1679,"id":135325,"name":"Aielli"},{"state_id":1679,"id":135342,"name":"Alanno"},{"state_id":1679,"id":135347,"name":"Alba Adriatica"},{"state_id":1679,"id":135400,"name":"Alfedena"},{"state_id":1679,"id":135440,"name":"Altino"},{"state_id":1679,"id":135477,"name":"Ancarano"},{"state_id":1679,"id":135523,"name":"Anversa degli Abruzzi"},{"state_id":1679,"id":135565,"name":"Archi"},{"state_id":1679,"id":135597,"name":"Ari"},{"state_id":1679,"id":135602,"name":"Arielli"},{"state_id":1679,"id":135638,"name":"Arsita"},{"state_id":1679,"id":135672,"name":"Ateleta"},{"state_id":1679,"id":135675,"name":"Atessa"},{"state_id":1679,"id":135679,"name":"Atri"},{"state_id":1679,"id":135704,"name":"Avezzano"},{"state_id":1679,"id":135795,"name":"Balsorano"},{"state_id":1679,"id":135796,"name":"Balsorano Nuovo"},{"state_id":1679,"id":135826,"name":"Barberi"},{"state_id":1679,"id":135847,"name":"Barete"},{"state_id":1679,"id":135858,"name":"Barisciano"},{"state_id":1679,"id":135870,"name":"Barrea"},{"state_id":1679,"id":135881,"name":"Basciano"},{"state_id":1679,"id":135938,"name":"Bellante"},{"state_id":1679,"id":135939,"name":"Bellante Stazione"},{"state_id":1679,"id":136062,"name":"Bisegna"},{"state_id":1679,"id":136063,"name":"Bisenti"},{"state_id":1679,"id":136108,"name":"Bolognano"},{"state_id":1679,"id":136119,"name":"Bomba"},{"state_id":1679,"id":136189,"name":"Borgo Santa Maria Immacolata"},{"state_id":1679,"id":136227,"name":"Borrello"},{"state_id":1679,"id":136343,"name":"Brittoli"},{"state_id":1679,"id":136385,"name":"Bucchianico"},{"state_id":1679,"id":136397,"name":"Bugnara"},{"state_id":1679,"id":136430,"name":"Bussi sul Tirino"},{"state_id":1679,"id":136470,"name":"Cagnano Amiterno"},{"state_id":1679,"id":136494,"name":"Calascio"},{"state_id":1679,"id":136625,"name":"Campli"},{"state_id":1679,"id":136635,"name":"Campo di Giove"},{"state_id":1679,"id":136683,"name":"Campotosto"},{"state_id":1679,"id":136716,"name":"Canistro Inferiore"},{"state_id":1679,"id":136731,"name":"Canosa Sannita"},{"state_id":1679,"id":136736,"name":"Cansano"},{"state_id":1679,"id":136752,"name":"Canzano"},{"state_id":1679,"id":136765,"name":"Capestrano"},{"state_id":1679,"id":136771,"name":"Capistrello"},{"state_id":1679,"id":136774,"name":"Capitignano"},{"state_id":1679,"id":136786,"name":"Caporciano"},{"state_id":1679,"id":136790,"name":"Cappadocia"},{"state_id":1679,"id":136794,"name":"Cappelle sul Tavo"},{"state_id":1679,"id":136831,"name":"Caramanico Terme"},{"state_id":1679,"id":136835,"name":"Carapelle Calvisio"},{"state_id":1679,"id":136920,"name":"Carpineto della Nora"},{"state_id":1679,"id":136919,"name":"Carpineto Sinello"},{"state_id":1679,"id":136936,"name":"Carsoli"},{"state_id":1679,"id":136945,"name":"Carunchio"},{"state_id":1679,"id":136954,"name":"Casacanditella"},{"state_id":1679,"id":136961,"name":"Casalanguida"},{"state_id":1679,"id":136965,"name":"Casalbordino-Miracoli"},{"state_id":1679,"id":136995,"name":"Casalincontrada"},{"state_id":1679,"id":137083,"name":"Casoli"},{"state_id":1679,"id":137133,"name":"Castel Castagna"},{"state_id":1679,"id":137165,"name":"Castel del Monte"},{"state_id":1679,"id":137169,"name":"Castel di Ieri"},{"state_id":1679,"id":137173,"name":"Castel di Sangro"},{"state_id":1679,"id":137136,"name":"Castel Frentano"},{"state_id":1679,"id":137205,"name":"Castelguidone"},{"state_id":1679,"id":137210,"name":"Castellafiume"},{"state_id":1679,"id":137211,"name":"Castellalto"},{"state_id":1679,"id":137242,"name":"Castelli"},{"state_id":1679,"id":137295,"name":"Castelnuovo Vomano"},{"state_id":1679,"id":137321,"name":"Castelvecchio Calvisio"},{"state_id":1679,"id":137322,"name":"Castelvecchio Subequo"},{"state_id":1679,"id":137347,"name":"Castiglione a Casauria"},{"state_id":1679,"id":137342,"name":"Castiglione Messer Marino"},{"state_id":1679,"id":137343,"name":"Castiglione Messer Raimondo"},{"state_id":1679,"id":137360,"name":"Castilenti"},{"state_id":1679,"id":137395,"name":"Catignano"},{"state_id":1679,"id":137462,"name":"Celano"},{"state_id":1679,"id":137465,"name":"Celenza sul Trigno"},{"state_id":1679,"id":137479,"name":"Cellino Attanasio"},{"state_id":1679,"id":137505,"name":"Cepagatti"},{"state_id":1679,"id":137525,"name":"Cerchio"},{"state_id":1679,"id":137555,"name":"Cermignano"},{"state_id":1679,"id":137560,"name":"Cerratina"},{"state_id":1679,"id":137672,"name":"Chieti"},{"state_id":1679,"id":137772,"name":"Città Sant\u0027Angelo"},{"state_id":1679,"id":137787,"name":"Civita d\u0027Antino"},{"state_id":1679,"id":137789,"name":"Civitaluparella"},{"state_id":1679,"id":137793,"name":"Civitaquana"},{"state_id":1679,"id":137795,"name":"Civitella Alfedena"},{"state_id":1679,"id":137796,"name":"Civitella Casanova"},{"state_id":1679,"id":137802,"name":"Civitella del Tronto"},{"state_id":1679,"id":137798,"name":"Civitella Messer Raimondo"},{"state_id":1679,"id":137799,"name":"Civitella Roveto"},{"state_id":1679,"id":137826,"name":"Cocullo"},{"state_id":1679,"id":137857,"name":"Collarmele"},{"state_id":1679,"id":137876,"name":"Collecorvino"},{"state_id":1679,"id":137877,"name":"Colledara"},{"state_id":1679,"id":137878,"name":"Colledimacine"},{"state_id":1679,"id":137879,"name":"Colledimezzo"},{"state_id":1679,"id":137884,"name":"Collelongo"},{"state_id":1679,"id":137889,"name":"Collepietro"},{"state_id":1679,"id":137890,"name":"Colleranesco"},{"state_id":1679,"id":137911,"name":"Cologna Spiaggia"},{"state_id":1679,"id":137923,"name":"Colonnella"},{"state_id":1679,"id":137941,"name":"Cominio"},{"state_id":1679,"id":137980,"name":"Controguerra"},{"state_id":1679,"id":137989,"name":"Coppito"},{"state_id":1679,"id":138008,"name":"Corfinio"},{"state_id":1679,"id":138044,"name":"Corropoli"},{"state_id":1679,"id":138069,"name":"Cortino"},{"state_id":1679,"id":138072,"name":"Corvara"},{"state_id":1679,"id":138129,"name":"Crecchio"},{"state_id":1679,"id":138163,"name":"Crognaleto"},{"state_id":1679,"id":138186,"name":"Cugnoli"},{"state_id":1679,"id":138195,"name":"Cupello"},{"state_id":1679,"id":138277,"name":"Dogliola"},{"state_id":1679,"id":138351,"name":"Elice"},{"state_id":1679,"id":138422,"name":"Fallo"},{"state_id":1679,"id":138434,"name":"Fano Adriano"},{"state_id":1679,"id":138437,"name":"Fara Filiorum Petri"},{"state_id":1679,"id":138441,"name":"Fara San Martino"},{"state_id":1679,"id":138447,"name":"Farindola"},{"state_id":1679,"id":138527,"name":"Filetto"},{"state_id":1679,"id":138607,"name":"Fonte Umano-San Martino Alta"},{"state_id":1679,"id":138609,"name":"Fontecchio"},{"state_id":1679,"id":138667,"name":"Fossa"},{"state_id":1679,"id":138669,"name":"Fossacesia"},{"state_id":1679,"id":138690,"name":"Fraine"},{"state_id":1679,"id":138696,"name":"Francavilla al Mare"},{"state_id":1679,"id":138730,"name":"Fresagrandinaria"},{"state_id":1679,"id":138736,"name":"Frisa"},{"state_id":1679,"id":138755,"name":"Furci"},{"state_id":1679,"id":138781,"name":"Gagliano Aterno"},{"state_id":1679,"id":138832,"name":"Gamberale"},{"state_id":1679,"id":138926,"name":"Gessopalena"},{"state_id":1679,"id":138970,"name":"Gioia dei Marsi"},{"state_id":1679,"id":138985,"name":"Gissi"},{"state_id":1679,"id":138991,"name":"Giuliano Teatino"},{"state_id":1679,"id":138993,"name":"Giulianova"},{"state_id":1679,"id":139031,"name":"Goriano Sicoli"},{"state_id":1679,"id":139163,"name":"Guardiagrele"},{"state_id":1679,"id":139181,"name":"Guilmi"},{"state_id":1679,"id":139201,"name":"Imposte"},{"state_id":1679,"id":139212,"name":"Introdacqua"},{"state_id":1679,"id":139245,"name":"Isola del Gran Sasso d\u0027Italia"},{"state_id":1679,"id":139285,"name":"L\u0027Aquila"},{"state_id":1679,"id":139341,"name":"Lama dei Peligni"},{"state_id":1679,"id":139354,"name":"Lanciano"},{"state_id":1679,"id":139431,"name":"Lecce Nei Marsi"},{"state_id":1679,"id":139451,"name":"Lentella"},{"state_id":1679,"id":139479,"name":"Lettomanoppello"},{"state_id":1679,"id":139480,"name":"Lettopalena"},{"state_id":1679,"id":139538,"name":"Liscia"},{"state_id":1679,"id":139610,"name":"Loreto Aprutino"},{"state_id":1679,"id":139638,"name":"Luco dei Marsi"},{"state_id":1679,"id":139639,"name":"Lucoli"},{"state_id":1679,"id":139725,"name":"Magliano De\u0027Marsi"},{"state_id":1679,"id":139802,"name":"Manoppello"},{"state_id":1679,"id":139803,"name":"Manoppello Scalo"},{"state_id":1679,"id":139895,"name":"Marina di San Vito"},{"state_id":1679,"id":139897,"name":"Marina di Vasto"},{"state_id":1679,"id":139936,"name":"Martinsicuro"},{"state_id":1679,"id":139975,"name":"Massa d\u0027Albe-Corona"},{"state_id":1679,"id":140132,"name":"Miglianico"},{"state_id":1679,"id":140214,"name":"Molina Aterno"},{"state_id":1679,"id":140350,"name":"Montazzoli"},{"state_id":1679,"id":140389,"name":"Montebello di Bertona"},{"state_id":1679,"id":140390,"name":"Montebello sul Sangro"},{"state_id":1679,"id":140436,"name":"Monteferrante"},{"state_id":1679,"id":140438,"name":"Montefino"},{"state_id":1679,"id":140465,"name":"Montelapiano"},{"state_id":1679,"id":140504,"name":"Montenerodomo"},{"state_id":1679,"id":140505,"name":"Monteodorisio"},{"state_id":1679,"id":140514,"name":"Montereale"},{"state_id":1679,"id":140541,"name":"Montesilvano Marina"},{"state_id":1679,"id":140557,"name":"Monticchio"},{"state_id":1679,"id":140586,"name":"Montorio al Vomano"},{"state_id":1679,"id":140620,"name":"Morino"},{"state_id":1679,"id":140634,"name":"Morro d\u0027Oro"},{"state_id":1679,"id":140646,"name":"Mosciano Sant\u0027Angelo"},{"state_id":1679,"id":140647,"name":"Moscufo"},{"state_id":1679,"id":140671,"name":"Mozzagrogna"},{"state_id":1679,"id":140731,"name":"Navelli"},{"state_id":1679,"id":140743,"name":"Nepezzano"},{"state_id":1679,"id":140745,"name":"Nereto"},{"state_id":1679,"id":140746,"name":"Nerito"},{"state_id":1679,"id":140780,"name":"Nocciano"},{"state_id":1679,"id":140811,"name":"Notaresco"},{"state_id":1679,"id":140842,"name":"Nucleo Industriale di Bazzano"},{"state_id":1679,"id":140874,"name":"Ofena"},{"state_id":1679,"id":140932,"name":"Opi"},{"state_id":1679,"id":140952,"name":"Oricola"},{"state_id":1679,"id":140975,"name":"Orsogna"},{"state_id":1679,"id":140987,"name":"Ortona"},{"state_id":1679,"id":140988,"name":"Ortona dei Marsi"},{"state_id":1679,"id":140990,"name":"Ortucchio"},{"state_id":1679,"id":141058,"name":"Ovindoli"},{"state_id":1679,"id":141070,"name":"Pacentro"},{"state_id":1679,"id":141095,"name":"Paganica-Tempera"},{"state_id":1679,"id":58205,"name":"Pagliare"},{"state_id":1679,"id":58209,"name":"Paglieta"},{"state_id":1679,"id":58238,"name":"Palena"},{"state_id":1679,"id":58260,"name":"Palmoli"},{"state_id":1679,"id":58264,"name":"Palombaro"},{"state_id":1679,"id":58403,"name":"Penna Sant\u0027Andrea"},{"state_id":1679,"id":58406,"name":"Pennadomo"},{"state_id":1679,"id":58407,"name":"Pennapiedimonte"},{"state_id":1679,"id":58408,"name":"Penne"},{"state_id":1679,"id":58411,"name":"Perano"},{"state_id":1679,"id":58420,"name":"Pereto"},{"state_id":1679,"id":58450,"name":"Pescara"},{"state_id":1679,"id":58452,"name":"Pescasseroli"},{"state_id":1679,"id":58459,"name":"Pescina"},{"state_id":1679,"id":58461,"name":"Pescocostanzo"},{"state_id":1679,"id":58466,"name":"Pescosansonesco Nuovo"},{"state_id":1679,"id":58493,"name":"Pettorano sul Gizio"},{"state_id":1679,"id":58523,"name":"Pianella"},{"state_id":1679,"id":58548,"name":"Pianola"},{"state_id":1679,"id":58554,"name":"Pianura Vomano"},{"state_id":1679,"id":58579,"name":"Picciano"},{"state_id":1679,"id":58607,"name":"Pietracamela"},{"state_id":1679,"id":58612,"name":"Pietraferrazzana"},{"state_id":1679,"id":58619,"name":"Pietranico"},{"state_id":1679,"id":58677,"name":"Pineto"},{"state_id":1679,"id":58727,"name":"Pizzoferrato"},{"state_id":1679,"id":58728,"name":"Pizzoli"},{"state_id":1679,"id":58759,"name":"Poggio Picenze"},{"state_id":1679,"id":58768,"name":"Poggiofiorito"},{"state_id":1679,"id":58802,"name":"Pollutri"},{"state_id":1679,"id":58900,"name":"Popoli"},{"state_id":1679,"id":59015,"name":"Prata d\u0027Ansidonia"},{"state_id":1679,"id":59033,"name":"Pratola Peligna"},{"state_id":1679,"id":59069,"name":"Pretoro"},{"state_id":1679,"id":59070,"name":"Preturo"},{"state_id":1679,"id":59072,"name":"Prezza"},{"state_id":1679,"id":59087,"name":"Progetto Case Bazzano"},{"state_id":1679,"id":59088,"name":"Progetto Case Coppito 3"},{"state_id":1679,"id":59089,"name":"Progetto Case Sassa Nsi"},{"state_id":1679,"id":59106,"name":"Provincia dell\u0027 Aquila"},{"state_id":1679,"id":59124,"name":"Provincia di Chieti"},{"state_id":1679,"id":59160,"name":"Provincia di Pescara"},{"state_id":1679,"id":59179,"name":"Provincia di Teramo"},{"state_id":1679,"id":59212,"name":"Quadri"},{"state_id":1679,"id":59270,"name":"Raiano"},{"state_id":1679,"id":59285,"name":"Rapino"},{"state_id":1679,"id":59399,"name":"Ripa Teatina"},{"state_id":1679,"id":59439,"name":"Rivisondoli"},{"state_id":1679,"id":59483,"name":"Rocca di Botte"},{"state_id":1679,"id":59484,"name":"Rocca di Cambio"},{"state_id":1679,"id":59487,"name":"Rocca di Mezzo"},{"state_id":1679,"id":59473,"name":"Rocca Pia"},{"state_id":1679,"id":59478,"name":"Rocca San Giovanni"},{"state_id":1679,"id":59494,"name":"Roccacasale"},{"state_id":1679,"id":59510,"name":"Roccamorice"},{"state_id":1679,"id":59516,"name":"Roccaraso"},{"state_id":1679,"id":59518,"name":"Roccascalegna"},{"state_id":1679,"id":59524,"name":"Roccaspinalveti-Santa Giusta"},{"state_id":1679,"id":59531,"name":"Roccavivi"},{"state_id":1679,"id":59567,"name":"Roio del Sangro"},{"state_id":1679,"id":59629,"name":"Rosciano"},{"state_id":1679,"id":59634,"name":"Rosello"},{"state_id":1679,"id":59637,"name":"Roseto degli Abruzzi"},{"state_id":1679,"id":59772,"name":"Salino"},{"state_id":1679,"id":59777,"name":"Salle"},{"state_id":1679,"id":59792,"name":"Salvo Marina"},{"state_id":1679,"id":59806,"name":"Sambuceto"},{"state_id":1679,"id":59831,"name":"San Benedetto dei Marsi"},{"state_id":1679,"id":59833,"name":"San Benedetto in Perillis"},{"state_id":1679,"id":59849,"name":"San Buono"},{"state_id":1679,"id":59892,"name":"San Demetrio Ne\u0027 Vestini"},{"state_id":1679,"id":59986,"name":"San Giovanni Lipioni"},{"state_id":1679,"id":60072,"name":"San Martino Bassa"},{"state_id":1679,"id":60097,"name":"San Martino sulla Marrucina"},{"state_id":1679,"id":60148,"name":"San Nicolò a Tordino"},{"state_id":1679,"id":60153,"name":"San Panfilo d\u0027Ocre"},{"state_id":1679,"id":60203,"name":"San Pio delle Camere"},{"state_id":1679,"id":60222,"name":"San Rocco"},{"state_id":1679,"id":60234,"name":"San Salvo"},{"state_id":1679,"id":60259,"name":"San Valentino in Abruzzo Citeriore"},{"state_id":1679,"id":60269,"name":"San Vincenzo Valle Roveto"},{"state_id":1679,"id":60275,"name":"San Vito Chietino"},{"state_id":1679,"id":60391,"name":"Sant\u0027Egidio alla Vibrata"},{"state_id":1679,"id":60400,"name":"Sant\u0027Eufemia a Maiella"},{"state_id":1679,"id":60403,"name":"Sant\u0027Eusanio del Sangro"},{"state_id":1679,"id":60402,"name":"Sant\u0027Eusanio Forconese"},{"state_id":1679,"id":60407,"name":"Sant\u0027Omero"},{"state_id":1679,"id":60463,"name":"Santa Maria Imbaro"},{"state_id":1679,"id":60494,"name":"Santa Teresa"},{"state_id":1679,"id":60504,"name":"Sante Marie"},{"state_id":1679,"id":60524,"name":"Santo Stefano di Sessanio"},{"state_id":1679,"id":60565,"name":"Sassa"},{"state_id":1679,"id":60601,"name":"Scafa"},{"state_id":1679,"id":60622,"name":"Scanno"},{"state_id":1679,"id":60639,"name":"Scerne"},{"state_id":1679,"id":60640,"name":"Scerni"},{"state_id":1679,"id":60643,"name":"Schiavi di Abruzzo"},{"state_id":1679,"id":60662,"name":"Scontrone"},{"state_id":1679,"id":60665,"name":"Scoppito"},{"state_id":1679,"id":60670,"name":"Scurcola Marsicana"},{"state_id":1679,"id":60676,"name":"Secinaro"},{"state_id":1679,"id":60704,"name":"Selva"},{"state_id":1679,"id":60765,"name":"Serramonacesca"},{"state_id":1679,"id":60857,"name":"Silvi"},{"state_id":1679,"id":61027,"name":"Spoltore"},{"state_id":1679,"id":61116,"name":"Sulmona"},{"state_id":1679,"id":61142,"name":"Tagliacozzo"},{"state_id":1679,"id":61163,"name":"Taranta Peligna"},{"state_id":1679,"id":61217,"name":"Teramo"},{"state_id":1679,"id":61280,"name":"Tione degli Abruzzi"},{"state_id":1679,"id":61293,"name":"Tocco da Casauria"},{"state_id":1679,"id":61301,"name":"Tollo"},{"state_id":1679,"id":61317,"name":"Torano Nuovo"},{"state_id":1679,"id":61330,"name":"Torino di Sangro"},{"state_id":1679,"id":61334,"name":"Tornareccio"},{"state_id":1679,"id":61336,"name":"Tornimparte"},{"state_id":1679,"id":61368,"name":"Torre de\u0027 Passeri"},{"state_id":1679,"id":61380,"name":"Torrebruna"},{"state_id":1679,"id":61392,"name":"Torrevecchia"},{"state_id":1679,"id":61399,"name":"Torricella"},{"state_id":1679,"id":61401,"name":"Torricella Peligna"},{"state_id":1679,"id":61416,"name":"Tortoreto"},{"state_id":1679,"id":61417,"name":"Tortoreto Lido"},{"state_id":1679,"id":61424,"name":"Tossicia"},{"state_id":1679,"id":61444,"name":"Trasacco"},{"state_id":1679,"id":61473,"name":"Treglio"},{"state_id":1679,"id":61563,"name":"Tufillo"},{"state_id":1679,"id":61578,"name":"Turrivalignani"},{"state_id":1679,"id":61626,"name":"Vacri"},{"state_id":1679,"id":61686,"name":"Valle Castellana"},{"state_id":1679,"id":61704,"name":"Vallecupa"},{"state_id":1679,"id":61781,"name":"Vasto"},{"state_id":1679,"id":61922,"name":"Vicoli"},{"state_id":1679,"id":61988,"name":"Villa Caldari"},{"state_id":1679,"id":61992,"name":"Villa Celiera"},{"state_id":1679,"id":62003,"name":"Villa Lempa"},{"state_id":1679,"id":62012,"name":"Villa Raspa"},{"state_id":1679,"id":62015,"name":"Villa Rosa"},{"state_id":1679,"id":62022,"name":"Villa Sant\u0027Angelo"},{"state_id":1679,"id":62025,"name":"Villa Santa Lucia degli Abruzzi"},{"state_id":1679,"id":62026,"name":"Villa Santa Maria"},{"state_id":1679,"id":62071,"name":"Villagrande"},{"state_id":1679,"id":62075,"name":"Villalago"},{"state_id":1679,"id":62078,"name":"Villalfonsina"},{"state_id":1679,"id":62080,"name":"Villamagna"},{"state_id":1679,"id":62093,"name":"Villanova"},{"state_id":1679,"id":62145,"name":"Villavallelonga"},{"state_id":1679,"id":62151,"name":"Villetta Barrea"},{"state_id":1679,"id":62186,"name":"Vittorito"}]